{"Coin0":{"position_":{"x":-5.0,"y":0.0,"z":0.0},"rotate_":{"x":0.0,"y":0.0,"z":0.0},"scale_":{"x":1.0,"y":1.0,"z":1.0}},"Coin1":{"position_":{"x":-30.0,"y":0.0,"z":5.0},"rotate_":{"x":0.0,"y":0.0,"z":0.0},"scale_":{"x":1.100000023841858,"y":1.100000023841858,"z":1.100000023841858}},"Coin10":{"position_":{"x":0.0,"y":0.0,"z":15.0},"rotate_":{"x":0.0,"y":0.0,"z":0.0},"scale_":{"x":1.100000023841858,"y":1.100000023841858,"z":1.100000023841858}},"Coin2":{"position_":{"x":-30.0,"y":0.0,"z":-5.0},"rotate_":{"x":0.0,"y":0.0,"z":0.0},"scale_":{"x":1.100000023841858,"y":1.100000023841858,"z":1.100000023841858}},"Coin3":{"position_":{"x":-15.0,"y":0.0,"z":-20.0},"rotate_":{"x":0.0,"y":0.0,"z":0.0},"scale_":{"x":1.100000023841858,"y":1.100000023841858,"z":1.100000023841858}},"Coin4":{"position_":{"x":0.0,"y":0.0,"z":-25.0},"rotate_":{"x":0.0,"y":0.0,"z":0.0},"scale_":{"x":1.100000023841858,"y":1.100000023841858,"z":1.100000023841858}},"Coin5":{"position_":{"x":5.0,"y":0.0,"z":-10.0},"rotate_":{"x":0.0,"y":0.0,"z":0.0},"scale_":{"x":1.100000023841858,"y":1.100000023841858,"z":1.100000023841858}},"Coin6":{"position_":{"x":20.0,"y":0.0,"z":20.0},"rotate_":{"x":0.0,"y":0.0,"z":0.0},"scale_":{"x":1.100000023841858,"y":1.100000023841858,"z":1.100000023841858}},"Coin7":{"position_":{"x":-10.0,"y":0.0,"z":5.0},"rotate_":{"x":0.0,"y":0.0,"z":0.0},"scale_":{"x":1.100000023841858,"y":1.100000023841858,"z":1.100000023841858}},"Coin8":{"position_":{"x":10.0,"y":0.0,"z":0.0},"rotate_":{"x":0.0,"y":0.0,"z":0.0},"scale_":{"x":1.100000023841858,"y":1.100000023841858,"z":1.100000023841858}},"Coin9":{"position_":{"x":15.0,"y":0.0,"z":15.0},"rotate_":{"x":0.0,"y":0.0,"z":0.0},"scale_":{"x":1.100000023841858,"y":1.100000023841858,"z":1.100000023841858}}}
